INSERT INTO `users` (`id`, `name`, `email`, `password`, `remember_token`, `deleted_at`, `created_at`, `updated_at`) VALUES
(1, 'romoka', 'romoka@strathmore.edu', '$2y$10$xd4iRmDE04/XMFjuq0FD/.kcksxWzjUyXpmXd4eDRKwXiMxhXcTY6', NULL, NULL, '2017-05-16 10:07:09', NULL),
(2, 'smomanyi', 'smomanyi@strathmore.edu', '$2y$10$cB7OHoFUKho.ry/N0kj0BO62RUfTQt3vbBvp3HCGh73e3yP0d6Ep6', NULL, NULL, '2017-05-16 10:18:17', '2017-05-16 10:18:17'),
(3, 'mbarasa', 'mbarasa@strathmore.edu', '$2y$10$kCPf.8yKCllUSTF2ikFFGO0/ZebIVIfUdEzcAl.VNGuCWt0iuhT9e', NULL, NULL, '2017-05-23 06:26:15', '2017-05-23 06:26:15'),
(4, 'gkidambi', 'gkidambi@strathmore.edu', '$2y$10$Zjvx6XVpkiP0d4FMYgZJ1ulshkXF4TSknXBOeZimFj9lIY0t13qxy', NULL, NULL, '2017-07-11 07:56:34', '2017-07-11 07:56:34');

INSERT INTO `administrators` (`id`, `userid`, `registererid`, `suid`, `username`, `status`, `deleted_at`, `created_at`, `updated_at`) VALUES
(1, 1, 1, 'romoka', 'romoka', 0, NULL, '2017-05-16 10:07:09', NULL),
(2, 2, 1, 'smomanyi', 'smomanyi', 59, NULL, '2017-05-16 10:18:17', '2017-05-16 10:18:17'),
(3, 3, 1, 'mbarasa', 'mbarasa', 59, NULL, '2017-05-23 06:26:15', '2017-05-23 06:26:15'),
(4, 4, 3, 'gkidambi', 'gkidambi', 59, NULL, '2017-07-11 07:56:34', '2017-07-11 07:56:34');

INSERT INTO `locations` (`id`, `location`, `userid`, `status`, `deleted_at`, `created_at`, `updated_at`) VALUES
(1, 'Phase 1', 3, 34, NULL, '2017-07-11 07:22:53', '2017-07-11 07:22:53'),
(2, 'Phase 2', 3, 34, NULL, '2017-07-11 07:23:07', '2017-07-11 07:23:07'),
(3, 'Phase 3', 3, 34, NULL, '2017-07-11 07:23:15', '2017-07-11 07:23:15');

INSERT INTO `areas` (`id`, `area`, `userid`, `locationid`, `status`, `deleted_at`, `created_at`, `updated_at`) VALUES
(1, 'LT 1', 3, 1, 34, NULL, '2017-07-11 07:23:42', '2017-07-11 07:23:42'),
(2, 'LT 2', 3, 1, 34, NULL, '2017-07-11 07:23:50', '2017-07-11 07:23:50'),
(3, 'LT 3', 3, 1, 34, NULL, '2017-07-11 07:23:57', '2017-07-11 07:23:57'),
(4, 'LT 4', 3, 1, 34, NULL, '2017-07-11 07:24:05', '2017-07-11 07:24:05'),
(5, 'LT 5', 3, 1, 34, NULL, '2017-07-11 07:24:12', '2017-07-11 07:24:12'),
(6, 'LT 6', 3, 1, 34, NULL, '2017-07-11 07:24:20', '2017-07-11 07:24:20'),
(7, 'RM 02', 3, 1, 34, NULL, '2017-07-11 07:25:00', '2017-07-11 07:25:00'),
(8, 'RM 03', 3, 1, 34, NULL, '2017-07-11 07:25:10', '2017-07-11 07:25:10'),
(9, 'RM 04', 3, 1, 34, NULL, '2017-07-11 07:25:18', '2017-07-11 07:25:18'),
(10, 'RM 12', 3, 1, 34, NULL, '2017-07-11 07:25:43', '2017-07-11 07:25:58'),
(11, 'RM 10', 3, 1, 34, NULL, '2017-07-11 07:27:04', '2017-07-11 07:27:04'),
(12, 'RM 11', 3, 1, 34, NULL, '2017-07-11 07:27:18', '2017-07-11 07:27:18'),
(13, 'RM 25', 3, 1, 34, NULL, '2017-07-11 07:27:33', '2017-07-11 07:27:33'),
(14, 'RM 26', 3, 1, 34, NULL, '2017-07-11 07:27:42', '2017-07-11 07:27:42'),
(15, 'RM 34', 3, 1, 34, NULL, '2017-07-11 07:27:50', '2017-07-11 07:27:50'),
(16, 'Longonot Lab', 3, 1, 34, NULL, '2017-07-11 07:28:13', '2017-07-11 07:28:13'),
(17, 'Kiambere Lab', 3, 1, 34, NULL, '2017-07-11 07:28:23', '2017-07-11 07:28:23'),
(18, 'Suswa Lab', 3, 1, 34, NULL, '2017-07-11 07:28:33', '2017-07-11 07:28:33'),
(19, 'Elgon Lab', 3, 1, 34, NULL, '2017-07-11 07:28:41', '2017-07-11 07:28:41'),
(20, 'Hana Lab', 3, 1, 34, NULL, '2017-07-11 07:28:51', '2017-07-11 07:28:51'),
(21, 'Menengai Lab', 3, 1, 34, NULL, '2017-07-11 07:29:00', '2017-07-11 07:29:00'),
(22, 'Languages Lab', 3, 1, 34, NULL, '2017-07-11 07:29:16', '2017-07-11 07:29:16'),
(23, 'Telecom Lab', 3, 1, 34, NULL, '2017-07-11 07:29:25', '2017-07-11 07:29:25'),
(24, 'Aberdare Lab', 3, 1, 34, NULL, '2017-07-11 07:29:36', '2017-07-11 07:29:36'),
(25, 'RM B', 3, 1, 34, NULL, '2017-07-11 07:29:54', '2017-07-11 07:29:54'),
(26, 'FIT Lounge', 3, 1, 34, NULL, '2017-07-11 07:30:29', '2017-07-11 07:30:29'),
(27, 'SOA ', 3, 1, 34, NULL, '2017-07-11 07:30:45', '2017-07-11 07:30:45'),
(28, 'Chapel Lounge', 3, 1, 34, NULL, '2017-07-11 07:31:00', '2017-07-11 07:31:00'),
(29, 'Inside Chapel ', 3, 1, 34, NULL, '2017-07-11 07:32:03', '2017-07-11 07:32:03'),
(30, 'Chapel Basement', 3, 1, 34, NULL, '2017-07-11 07:32:19', '2017-07-11 07:32:19'),
(31, 'Fontana Bookshop', 3, 1, 34, NULL, '2017-07-11 07:32:42', '2017-07-11 07:32:42'),
(32, 'Admission Office', 3, 1, 34, NULL, '2017-07-11 07:32:57', '2017-07-11 07:32:57'),
(33, 'ICT Printing Area', 3, 1, 34, NULL, '2017-07-11 07:33:36', '2017-07-11 07:33:36'),
(34, 'Finance Office', 3, 1, 34, NULL, '2017-07-11 07:33:50', '2017-07-11 07:33:50'),
(35, 'SMC ', 3, 1, 34, NULL, '2017-07-11 07:34:02', '2017-07-11 07:34:02'),
(36, 'Admin Block Basement', 3, 1, 34, NULL, '2017-07-11 07:34:29', '2017-07-11 07:34:29'),
(37, 'FIT Washrooms (Gents)', 3, 1, 34, NULL, '2017-07-11 07:34:52', '2017-07-11 07:37:19'),
(38, 'LT Washrooms (Ladies)', 3, 1, 34, NULL, '2017-07-11 07:35:12', '2017-07-11 07:37:50'),
(39, 'SOA  Corridor Washrooms (Gents)', 3, 1, 34, NULL, '2017-07-11 07:35:30', '2017-07-11 07:39:26'),
(40, 'LT Washrooms (Gents)', 3, 1, 34, NULL, '2017-07-11 07:38:06', '2017-07-11 07:38:06'),
(41, 'FIT Washrooms (Ladies)', 3, 1, 34, NULL, '2017-07-11 07:38:37', '2017-07-11 07:38:37'),
(42, 'Admin Corridor Washrooms (Ladies)', 3, 1, 34, NULL, '2017-07-11 07:39:57', '2017-07-11 07:39:57'),
(43, 'Basement Washrooms (Ladies)', 3, 1, 34, NULL, '2017-07-11 07:40:28', '2017-07-11 07:40:28'),
(44, 'Basement Washrooms (Gents)', 3, 1, 34, NULL, '2017-07-11 07:40:41', '2017-07-11 07:40:41'),
(45, 'Prayer Room for Muslims (Ladies)', 3, 1, 34, NULL, '2017-07-11 07:41:59', '2017-07-11 07:41:59'),
(46, 'Prayer Area for Muslims (Gents)', 3, 1, 34, NULL, '2017-07-11 07:42:25', '2017-07-11 07:42:25'),
(47, 'Student Centre Cafeteria', 4, 2, 34, NULL, '2017-07-11 08:45:46', '2017-07-11 08:45:46'),
(48, 'Student Centre 1st Floor Sitting area', 4, 2, 34, NULL, '2017-07-11 08:46:26', '2017-07-11 08:48:42'),
(49, 'Student Centre Food Courts', 4, 2, 34, NULL, '2017-07-11 08:52:50', '2017-07-11 08:52:50'),
(50, 'Student Centre Coffee Bar', 4, 2, 34, NULL, '2017-07-11 08:53:36', '2017-07-11 08:53:36'),
(51, ' STC Fountana Book', 4, 2, 34, NULL, '2017-07-11 08:54:14', '2017-07-11 08:54:14'),
(52, 'STC Ground Floor Washroom (Ladies)', 4, 2, 34, NULL, '2017-07-11 08:55:16', '2017-07-11 08:55:16'),
(53, 'STC 1st Floor Washrooms (Gents)', 4, 2, 34, NULL, '2017-07-11 08:56:08', '2017-07-11 08:56:08'),
(54, 'STC 2nd Floor Washrooms (Ladies)', 4, 2, 34, NULL, '2017-07-11 08:57:07', '2017-07-11 08:57:07'),
(55, ' STC Chela Lab', 4, 2, 34, NULL, '2017-07-11 08:57:47', '2017-07-11 08:57:47'),
(56, 'STC HP Lab', 4, 2, 34, NULL, '2017-07-11 08:58:17', '2017-07-11 08:58:17'),
(57, ' STC 2nd floor Sitting area', 4, 2, 34, NULL, '2017-07-11 08:59:57', '2017-07-11 08:59:57'),
(58, 'STC 3rd Floor Reading Room', 4, 2, 34, NULL, '2017-07-11 09:00:42', '2017-07-11 09:00:42'),
(59, 'STC 3rd Floor Sitting Area', 4, 2, 34, NULL, '2017-07-11 09:01:21', '2017-07-11 09:01:21'),
(60, 'STC Music Room 3rd Floor', 4, 2, 34, NULL, '2017-07-11 09:02:06', '2017-07-11 09:02:06'),
(61, ' STC 3rd Floor DOS Clubs office ', 4, 2, 34, NULL, '2017-07-11 09:03:10', '2017-07-11 09:03:10'),
(62, 'STC 3rd floor washrooms (Gents)', 4, 2, 34, NULL, '2017-07-11 09:05:00', '2017-07-11 09:05:00'),
(63, 'STC 4th floor wasrooms (ladies)', 4, 2, 34, NULL, '2017-07-11 09:05:41', '2017-07-11 09:05:41'),
(64, ' STC 5th floor Washrooms (Gents)', 4, 2, 34, NULL, '2017-07-11 09:06:33', '2017-07-11 09:06:33'),
(65, 'STC Outside sitting area', 4, 2, 34, NULL, '2017-07-11 09:07:11', '2017-07-11 09:07:11'),
(66, ' Main Auditorium', 4, 2, 34, NULL, '2017-07-11 09:07:39', '2017-07-11 09:08:15'),
(67, 'Snack bar', 4, 2, 34, NULL, '2017-07-11 09:08:37', '2017-07-11 09:08:37'),
(68, 'Snack bar Washrooms (Gents)', 4, 2, 34, NULL, '2017-07-11 09:10:37', '2017-07-11 09:10:37'),
(69, 'Snack bar Washrooms (Ladies)', 4, 2, 34, NULL, '2017-07-11 09:11:17', '2017-07-11 09:11:17'),
(70, 'Shrine Sitting area', 4, 2, 34, NULL, '2017-07-11 09:12:26', '2017-07-11 09:12:26'),
(71, ' Sitting area behind Library', 4, 2, 34, NULL, '2017-07-11 09:13:11', '2017-07-11 09:13:11'),
(72, 'Graduation Square', 4, 2, 34, NULL, '2017-07-11 09:13:36', '2017-07-11 09:13:36'),
(73, 'Phase 2 Parking', 4, 2, 34, NULL, '2017-07-11 09:13:57', '2017-07-11 09:13:57'),
(74, 'Old Law School (Zumaridi Room )', 4, 2, 34, NULL, '2017-07-11 09:17:23', '2017-07-11 09:17:23'),
(75, 'Old Law School (Shaba)', 4, 2, 34, NULL, '2017-07-11 09:17:54', '2017-07-11 09:17:54'),
(76, 'Sir Thomas More Building (STMB)', 4, 2, 34, NULL, '2017-07-11 09:18:55', '2017-07-11 09:18:55'),
(77, 'MSB 1', 4, 2, 34, NULL, '2017-07-11 09:19:23', '2017-07-11 09:19:23'),
(78, 'MSB 2', 4, 2, 34, NULL, '2017-07-11 09:19:36', '2017-07-11 09:19:36'),
(79, 'MSB 3', 4, 2, 34, NULL, '2017-07-11 09:19:52', '2017-07-11 09:19:52'),
(80, 'MSB 4', 4, 2, 34, NULL, '2017-07-11 09:20:02', '2017-07-11 09:20:02'),
(81, 'MSB 5', 4, 2, 34, NULL, '2017-07-11 09:20:12', '2017-07-11 09:20:12'),
(82, 'MSB 6', 4, 2, 34, NULL, '2017-07-11 09:20:22', '2017-07-11 09:20:22'),
(83, 'MSB 7', 4, 2, 34, NULL, '2017-07-11 09:20:33', '2017-07-11 09:20:33'),
(84, 'MSB 8', 4, 2, 34, NULL, '2017-07-11 09:20:43', '2017-07-11 09:20:43'),
(85, 'MSB 9', 4, 2, 34, NULL, '2017-07-11 09:20:59', '2017-07-11 09:20:59'),
(86, 'MSB 10', 4, 2, 34, NULL, '2017-07-11 09:21:12', '2017-07-11 09:21:12'),
(87, 'MSB 11', 4, 2, 34, NULL, '2017-07-11 09:21:25', '2017-07-11 09:21:25'),
(88, 'MSB 12', 4, 2, 34, NULL, '2017-07-11 09:21:40', '2017-07-11 09:21:40'),
(89, 'MSB 13', 4, 2, 34, NULL, '2017-07-11 09:21:53', '2017-07-11 09:21:53'),
(90, 'MSB 14', 4, 2, 34, NULL, '2017-07-11 09:22:05', '2017-07-11 09:22:05'),
(91, 'MSB Ground floor Washrooms ( Ladies)', 4, 2, 34, NULL, '2017-07-11 09:23:04', '2017-07-11 09:23:04'),
(92, 'MSB 1st Floor Washrooms (Gents)', 4, 2, 34, NULL, '2017-07-11 09:23:40', '2017-07-11 09:23:40'),
(93, 'MSB 3rd floor washrooms ( ladies)', 4, 2, 34, NULL, '2017-07-11 09:24:20', '2017-07-11 09:24:20'),
(94, 'MSB Basement Offices', 4, 2, 34, NULL, '2017-07-11 09:25:04', '2017-07-11 09:25:04'),
(95, 'Archary play Ground', 4, 3, 34, NULL, '2017-07-11 09:26:21', '2017-07-11 09:26:21'),
(96, 'Phase 3 Parking Area ', 4, 3, 34, NULL, '2017-07-11 09:26:50', '2017-07-11 09:26:50'),
(97, 'Phase 3 Warehouse', 4, 3, 34, NULL, '2017-07-11 09:27:23', '2017-07-11 09:27:23'),
(98, ' Phase 1 Parking Area', 4, 1, 34, NULL, '2017-07-11 09:28:21', '2017-07-11 09:28:21'),
(99, 'Phase 1 shoe shine area', 4, 1, 34, NULL, '2017-07-11 09:28:55', '2017-07-11 09:28:55'),
(100, 'Phase 1 sitting area along the wall', 4, 1, 34, NULL, '2017-07-11 09:29:34', '2017-07-11 09:29:34'),
(101, 'Blue Sky', 4, 1, 34, NULL, '2017-07-11 09:29:55', '2017-07-11 09:29:55'),
(102, 'Phase 1 Muthurwa Area', 4, 1, 34, NULL, '2017-07-11 09:30:21', '2017-07-11 09:30:21');


INSERT INTO `colors` (`id`, `color`, `status`, `userid`, `deleted_at`, `created_at`, `updated_at`) VALUES
(1, 'Blue', 34, 1, NULL, '2017-05-16 10:07:09', NULL),
(2, 'Green', 34, 1, NULL, '2017-05-16 10:07:09', NULL),
(3, 'Red', 34, 1, NULL, '2017-05-16 10:07:09', NULL),
(4, 'Black', 34, 1, NULL, '2017-05-16 10:07:09', NULL),
(5, 'White', 34, 1, NULL, '2017-05-16 10:07:09', NULL),
(6, 'Grey', 34, 1, NULL, '2017-05-16 10:07:09', NULL),
(7, 'Yellow', 34, 1, NULL, '2017-05-16 10:07:09', NULL),
(8, 'Orange', 34, 1, NULL, '2017-05-16 10:07:09', NULL),
(9, 'Pink', 34, 1, NULL, '2017-05-16 10:07:09', NULL),
(10, 'Purple', 34, 1, NULL, '2017-05-16 10:07:09', NULL),
(11, 'Brown', 34, 1, NULL, '2017-05-16 10:07:09', NULL),
(12, 'Violet', 34, 1, NULL, '2017-05-16 10:07:09', NULL),
(13, 'Magenta', 34, 1, NULL, '2017-05-16 10:07:09', NULL),
(14, 'Gold', 34, 1, NULL, '2017-05-16 10:07:09', NULL),
(15, 'Cyan', 34, 1, NULL, '2017-05-16 10:07:09', NULL),
(16, 'Indigo', 34, 1, NULL, '2017-05-16 10:07:09', NULL),
(17, 'Tarquoise', 34, 1, NULL, '2017-05-16 10:07:09', NULL),
(18, 'Maroon', 34, 1, NULL, '2017-05-16 10:07:09', NULL),
(19, 'Silver', 34, 1, NULL, '2017-05-16 10:07:09', NULL),
(20, 'Other', 34, 1, NULL, '2017-05-16 10:07:09', NULL);

INSERT INTO `categories` (`id`, `category`, `status`, `userid`, `deleted_at`, `created_at`, `updated_at`) VALUES
(1, 'Accessory', 34, 1, NULL, '2017-05-16 10:07:09', NULL),
(2, 'Book', 34, 1, NULL, '2017-05-16 10:07:09', NULL),
(3, 'Bag', 34, 1, NULL, '2017-05-16 10:07:09', NULL),
(4, 'Clothing', 34, 1, NULL, '2017-05-16 10:07:09', NULL),
(5, 'Currency', 34, 1, NULL, '2017-05-16 10:07:09', NULL),
(6, 'Electronics', 34, 1, NULL, '2017-05-16 10:07:09', NULL),
(7, 'Eye Wear', 34, 1, NULL, '2017-05-16 10:07:09', NULL),
(8, 'Foot Wear', 34, 1, NULL, '2017-05-16 10:07:09', NULL),
(9, 'Identification', 34, 1, NULL, '2017-05-16 10:07:09', NULL),
(10, 'Jewelery', 34, 1, NULL, '2017-05-16 10:07:09', NULL),
(11, 'Keys', 34, 1, NULL, '2017-05-16 10:07:09', NULL),
(12, 'Medical Equipment', 34, 1, NULL, '2017-05-16 10:07:09', NULL),
(13, 'Miscellaneous', 34, 1, NULL, '2017-05-16 10:07:09', NULL),
(14, 'Musical Instrument', 34, 1, NULL, '2017-05-16 10:07:09', NULL),
(15, 'Sports Equipment', 34, 1, NULL, '2017-05-16 10:07:09', NULL),
(16, 'Wallet/Purse', 34, 1, NULL, '2017-05-16 10:07:09', NULL),
(17, 'Water Bottle', 34, 3, NULL, '2017-07-11 13:22:17', '2017-07-11 13:22:17');

INSERT INTO `sub_categories` (`id`, `subcategory`, `status`, `userid`, `categoryid`, `deleted_at`, `created_at`, `updated_at`) VALUES
(1, 'Phone', 34, 1, 6, NULL, '2017-05-16 10:07:09', NULL),
(2, 'Calculator', 34, 1, 6, NULL, '2017-05-16 10:07:09', NULL),
(3, 'Camera', 34, 1, 6, NULL, '2017-05-16 10:07:09', NULL),
(4, 'Camera Accessory', 34, 1, 6, NULL, '2017-05-16 10:07:09', NULL),
(5, 'Laptop', 34, 1, 6, NULL, '2017-05-16 10:07:09', NULL),
(6, 'Laptop Accessory', 34, 1, 6, NULL, '2017-05-16 10:07:09', NULL),
(7, 'USB Drive', 34, 1, 6, NULL, '2017-05-16 10:07:09', NULL),
(8, 'Belt', 34, 1, 1, NULL, '2017-05-16 10:07:09', NULL),
(9, 'Glove', 34, 1, 1, NULL, '2017-05-16 10:07:09', NULL),
(10, 'Hat', 34, 1, 1, NULL, '2017-05-16 10:07:09', NULL),
(11, 'Make-Up', 34, 1, 1, NULL, '2017-05-16 10:07:09', NULL),
(12, 'Scarf', 34, 1, 1, NULL, '2017-05-16 10:07:09', NULL),
(13, 'Tie', 34, 1, 1, NULL, '2017-05-16 10:07:09', NULL),
(14, 'Umbrella', 34, 1, 1, NULL, '2017-05-16 10:07:09', NULL),
(15, 'Note Book', 34, 1, 2, NULL, '2017-05-16 10:07:09', NULL),
(16, 'Address Book', 34, 1, 2, NULL, '2017-05-16 10:07:09', NULL),
(17, 'Diary', 34, 1, 2, NULL, '2017-05-16 10:07:09', NULL),
(18, 'Hard Cover', 34, 1, 2, NULL, '2017-05-16 10:07:09', NULL),
(19, 'Paperback', 34, 1, 2, NULL, '2017-05-16 10:07:09', NULL),
(20, 'Soft Cover', 34, 1, 2, NULL, '2017-05-16 10:07:09', NULL),
(21, 'Backpack', 34, 1, 3, NULL, '2017-05-16 10:07:09', NULL),
(22, 'Briefcase', 34, 1, 3, NULL, '2017-05-16 10:07:09', NULL),
(23, 'Duffle Bag', 34, 1, 3, NULL, '2017-05-16 10:07:09', NULL),
(24, 'Suit Bag', 34, 1, 3, NULL, '2017-05-16 10:07:09', NULL),
(25, 'Handbag', 34, 1, 3, NULL, '2017-05-16 10:07:09', NULL),
(26, 'Messenger Bag', 34, 1, 3, NULL, '2017-05-16 10:07:09', NULL),
(27, 'Shopping Bag', 34, 1, 3, NULL, '2017-05-16 10:07:09', NULL),
(28, 'Shoulder Bag', 34, 1, 3, NULL, '2017-05-16 10:07:09', NULL),
(29, 'Suitcase', 34, 1, 3, NULL, '2017-05-16 10:07:09', NULL),
(30, 'Tote Bag', 34, 1, 3, NULL, '2017-05-16 10:07:09', NULL),
(31, 'Blouse', 34, 1, 4, NULL, '2017-05-16 10:07:09', NULL),
(32, 'Coat', 34, 1, 4, NULL, '2017-05-16 10:07:09', NULL),
(33, 'Dress', 34, 1, 4, NULL, '2017-05-16 10:07:09', NULL),
(34, 'Jacket', 34, 1, 4, NULL, '2017-05-16 10:07:09', NULL),
(35, 'Leather Jacket', 34, 1, 4, NULL, '2017-05-16 10:07:09', NULL),
(36, 'Nightwear', 34, 1, 4, NULL, '2017-05-16 10:07:09', NULL),
(37, 'Pants/Trouser/shorts', 34, 1, 4, NULL, '2017-05-16 10:07:09', NULL),
(38, 'Shirt', 34, 1, 4, NULL, '2017-05-16 10:07:09', NULL),
(39, 'Skirt', 34, 1, 4, NULL, '2017-05-16 10:07:09', NULL),
(40, 'Suit', 34, 1, 4, NULL, '2017-05-16 10:07:09', NULL),
(41, 'Sweater', 34, 1, 4, NULL, '2017-05-16 10:07:09', NULL),
(42, 'T-Shirt', 34, 1, 4, NULL, '2017-05-16 10:07:09', NULL),
(43, 'Cash', 34, 1, 5, NULL, '2017-05-16 10:07:09', NULL),
(44, 'Gift Card', 34, 1, 5, NULL, '2017-05-16 10:07:09', NULL),
(45, 'Money Order', 34, 1, 5, NULL, '2017-05-16 10:07:09', NULL),
(46, 'Other Currency', 34, 1, 5, NULL, '2017-05-16 10:07:09', NULL),
(47, 'Payroll Check', 34, 1, 5, NULL, '2017-05-16 10:07:09', NULL),
(48, 'Personal Check', 34, 1, 5, NULL, '2017-05-16 10:07:09', NULL),
(49, 'Eye Glasses', 34, 1, 7, NULL, '2017-05-16 10:07:09', NULL),
(50, 'Sunglasses', 34, 1, 7, NULL, '2017-05-16 10:07:09', NULL),
(51, 'Boots', 34, 1, 8, NULL, '2017-05-16 10:07:09', NULL),
(52, 'Galoshes', 34, 1, 8, NULL, '2017-05-16 10:07:09', NULL),
(53, 'Sandals', 34, 1, 8, NULL, '2017-05-16 10:07:09', NULL),
(54, 'Shoes', 34, 1, 8, NULL, '2017-05-16 10:07:09', NULL),
(55, 'Slippers', 34, 1, 8, NULL, '2017-05-16 10:07:09', NULL),
(56, 'Sneakers', 34, 1, 8, NULL, '2017-05-16 10:07:09', NULL),
(57, 'Birth Certificate', 34, 1, 9, NULL, '2017-05-16 10:07:09', NULL),
(58, 'Credit Card', 34, 1, 9, NULL, '2017-05-16 10:07:09', NULL),
(59, 'Debit Card', 34, 1, 9, NULL, '2017-05-16 10:07:09', NULL),
(60, 'Drivers License', 34, 1, 9, NULL, '2017-05-16 10:07:09', NULL),
(61, 'Identification Card', 34, 1, 9, NULL, '2017-05-16 10:07:09', NULL),
(62, 'Insuarance Card', 34, 1, 9, NULL, '2017-05-16 10:07:09', NULL),
(63, 'Library Card', 34, 1, 9, NULL, '2017-05-16 10:07:09', NULL),
(64, 'Membership Card', 34, 1, 9, NULL, '2017-05-16 10:07:09', NULL),
(65, 'School ID', 34, 1, 9, NULL, '2017-05-16 10:07:09', NULL),
(66, 'Bracelet', 34, 1, 10, NULL, '2017-05-16 10:07:09', NULL),
(67, 'Cuff Links', 34, 1, 10, NULL, '2017-05-16 10:07:09', NULL),
(68, 'Earings', 34, 1, 10, NULL, '2017-05-16 10:07:09', NULL),
(69, 'Fashion', 34, 1, 10, NULL, '2017-05-16 10:07:09', NULL),
(70, 'Necklace', 34, 1, 10, NULL, '2017-05-16 10:07:09', NULL),
(71, 'Ring', 34, 1, 10, NULL, '2017-05-16 10:07:09', NULL),
(72, 'Tie Clips', 34, 1, 10, NULL, '2017-05-16 10:07:09', NULL),
(73, 'Watch', 34, 1, 10, NULL, '2017-05-16 10:07:09', NULL),
(74, 'Car', 34, 1, 11, NULL, '2017-05-16 10:07:09', NULL),
(75, 'House', 34, 1, 11, NULL, '2017-05-16 10:07:09', NULL),
(76, 'Cane', 34, 1, 12, NULL, '2017-05-16 10:07:09', NULL),
(77, 'Inhaler', 34, 1, 12, NULL, '2017-05-16 10:07:09', NULL),
(78, 'Medication', 34, 1, 12, NULL, '2017-05-16 10:07:09', NULL),
(79, 'Art & Crafts', 34, 1, 13, NULL, '2017-05-16 10:07:09', NULL),
(80, 'Checkbook', 34, 1, 13, NULL, '2017-05-16 10:07:09', NULL),
(81, 'Blueprint', 34, 1, 13, NULL, '2017-05-16 10:07:09', NULL),
(82, 'Envelope', 34, 1, 13, NULL, '2017-05-16 10:07:09', NULL),
(83, 'Folder', 34, 1, 13, NULL, '2017-05-16 10:07:09', NULL),
(84, 'Lunch Box', 34, 1, 13, NULL, '2017-05-16 10:07:09', NULL),
(85, 'Mail', 34, 1, 13, NULL, '2017-05-16 10:07:09', NULL),
(86, 'Photo/Picture', 34, 1, 13, NULL, '2017-05-16 10:07:09', NULL),
(87, 'Portfolio', 34, 1, 13, NULL, '2017-05-16 10:07:09', NULL),
(88, 'Stationery', 34, 1, 13, NULL, '2017-05-16 10:07:09', NULL),
(89, 'Clarinet', 34, 1, 14, NULL, '2017-05-16 10:07:09', NULL),
(90, 'Flute', 34, 1, 14, NULL, '2017-05-16 10:07:09', NULL),
(91, 'Guitar', 34, 1, 14, NULL, '2017-05-16 10:07:09', NULL),
(92, 'Harmonica', 34, 1, 14, NULL, '2017-05-16 10:07:09', NULL),
(93, 'Musical Instrument Accessory', 34, 1, 14, NULL, '2017-05-16 10:07:09', NULL),
(94, 'Saxophone', 34, 1, 14, NULL, '2017-05-16 10:07:09', NULL),
(95, 'Trumpet', 34, 1, 14, NULL, '2017-05-16 10:07:09', NULL),
(96, 'Violin', 34, 1, 14, NULL, '2017-05-16 10:07:09', NULL),
(97, 'Ball', 34, 1, 15, NULL, '2017-05-16 10:07:09', NULL),
(98, 'Bat', 34, 1, 15, NULL, '2017-05-16 10:07:09', NULL),
(99, 'Bicycle', 34, 1, 15, NULL, '2017-05-16 10:07:09', NULL),
(100, 'Binocular', 34, 1, 15, NULL, '2017-05-16 10:07:09', NULL),
(101, 'Hockey Stick', 34, 1, 15, NULL, '2017-05-16 10:07:09', NULL),
(102, 'Protective Gear', 34, 1, 15, NULL, '2017-05-16 10:07:09', NULL),
(103, 'Card Holder', 34, 1, 16, NULL, '2017-05-16 10:07:09', NULL),
(104, 'ID Holder', 34, 1, 16, NULL, '2017-05-16 10:07:09', NULL),
(105, 'Pouch', 34, 1, 16, NULL, '2017-05-16 10:07:09', NULL),
(106, 'Purse', 34, 1, 16, NULL, '2017-05-16 10:07:09', NULL),
(107, 'Wallet', 34, 1, 16, NULL, '2017-05-16 10:07:09', NULL),
(108, 'Wristlet', 34, 1, 16, NULL, '2017-05-16 10:07:09', NULL),
(109, 'Neck tie', 34, 3, 4, NULL, '2017-07-11 10:37:47', '2017-07-11 10:37:47'),
(110, 'Water Bottle', 34, 3, 13, NULL, '2017-07-11 13:24:27', '2017-07-11 13:24:27'),
(111, 'Tea mug', 34, 3, 13, NULL, '2017-07-12 03:31:00', '2017-07-12 03:31:00');





